{
  "metadata": {
    "description": "UD Treebank DDM Standardization & Core-Argument Dataset",
    "n_treebanks": 314,
    "n_languages": 173,
    "n_core_arg_records": 500000,
    "n_wals_languages": 1390,
    "n_length_ddm_records": 9488,
    "reference_distribution": {
      "3": 0.038206,
      "4": 0.052537,
      "5": 0.055779,
      "6": 0.054912,
      "7": 0.05146,
      "8": 0.048686,
      "9": 0.045449,
      "10": 0.043762,
      "11": 0.041691,
      "12": 0.039989,
      "13": 0.037817,
      "14": 0.03619,
      "15": 0.034499,
      "16": 0.032536,
      "17": 0.030604,
      "18": 0.028524,
      "19": 0.026702,
      "20": 0.025169,
      "21": 0.023256,
      "22": 0.021754,
      "23": 0.02021,
      "24": 0.018883,
      "25": 0.017197,
      "26": 0.015917,
      "27": 0.014515,
      "28": 0.013472,
      "29": 0.012088,
      "30": 0.011111,
      "31": 0.009936,
      "32": 0.009025,
      "33": 0.008333,
      "34": 0.007512,
      "35": 0.006841,
      "36": 0.006221,
      "37": 0.005631,
      "38": 0.005119,
      "39": 0.004627,
      "40": 0.004204,
      "41": 0.003836,
      "42": 0.003457,
      "43": 0.003122,
      "44": 0.002791,
      "45": 0.00254,
      "46": 0.002412,
      "47": 0.002093,
      "48": 0.001969,
      "49": 0.001798,
      "50": 0.001591,
      "51": 0.00144,
      "52": 0.001281,
      "53": 0.001161,
      "54": 0.001046,
      "55": 0.000969,
      "56": 0.000807,
      "57": 0.000751,
      "58": 0.000662,
      "59": 0.000609,
      "60": 0.000548,
      "61": 0.000539,
      "62": 0.000466,
      "63": 0.000439,
      "64": 0.000391,
      "65": 0.000358,
      "66": 0.000348,
      "67": 0.000264,
      "68": 0.000257,
      "69": 0.000221,
      "70": 0.000186,
      "71": 0.000174,
      "72": 0.000175,
      "73": 0.000169,
      "74": 0.000143,
      "75": 0.000135,
      "76": 0.000116,
      "77": 8.6e-05,
      "78": 0.000111,
      "79": 9.7e-05,
      "80": 7.4e-05
    },
    "min_sentence_length_for_ddm": 3,
    "min_sentences_per_length": 10,
    "max_sentence_length": 80,
    "random_baseline_method": "permutation_sampling_30",
    "source_ud": "commul/universal_dependencies (HuggingFace, UD v2.17)",
    "source_wals": "cldf-datasets/wals (GitHub, WALS Online)",
    "selected_datasets": [
      "ud_treebank_summaries",
      "ud_core_argument_deps"
    ],
    "selection_rationale": "ud_treebank_summaries provides per-treebank DDM statistics with typological metadata for cross-linguistic comparison; ud_core_argument_deps provides 500k individual dependency records for Cox proportional hazards modeling of dependency distance."
  },
  "datasets": [
    {
      "dataset": "ud_core_argument_deps",
      "examples": [
        {
          "input": "{\"treebank_id\": \"gl_ctg\", \"deprel\": \"obj\", \"sentence_length\": 36, \"case_value\": null, \"word_order\": null, \"language_family\": null}",
          "output": "{\"distance\": 4}",
          "metadata_treebank_id": "gl_ctg",
          "metadata_deprel": "obj",
          "metadata_distance": 4,
          "metadata_sentence_length": 36,
          "metadata_word_order": null,
          "metadata_language_family": null
        },
        {
          "input": "{\"treebank_id\": \"gl_ctg\", \"deprel\": \"obj\", \"sentence_length\": 36, \"case_value\": null, \"word_order\": null, \"language_family\": null}",
          "output": "{\"distance\": 1}",
          "metadata_treebank_id": "gl_ctg",
          "metadata_deprel": "obj",
          "metadata_distance": 1,
          "metadata_sentence_length": 36,
          "metadata_word_order": null,
          "metadata_language_family": null
        },
        {
          "input": "{\"treebank_id\": \"gl_ctg\", \"deprel\": \"obj\", \"sentence_length\": 35, \"case_value\": null, \"word_order\": null, \"language_family\": null}",
          "output": "{\"distance\": 1}",
          "metadata_treebank_id": "gl_ctg",
          "metadata_deprel": "obj",
          "metadata_distance": 1,
          "metadata_sentence_length": 35,
          "metadata_word_order": null,
          "metadata_language_family": null
        }
      ]
    }
  ]
}